,Datetime,Tweet Id,Text
0,2021-09-22 03:51:24+00:00,1440524103404822535,it looks cool. even tho i hate modern architecture the fact that its mostly glass in the desert looks cool
1,2021-09-22 03:50:09+00:00,1440523790325215245,greenwashing?? is that like the environmentally friendly version of whitewashing? https://t.co/6tjKPDvib4
2,2021-09-21 21:19:15+00:00,1440425413902168069,oh for crying out loud https://t.co/Ytcmq21qlM
3,2021-09-21 20:54:34+00:00,1440419204377628673,need to record more so i couldve shown this kids retarded aa. maybe itll show in the replay. doubt it tho
4,2021-09-21 20:51:29+00:00,1440418427093487627,@kebabuser aimware needs more autistic visuals. this is too bland
5,2021-09-21 19:50:42+00:00,1440403129715986445,the SECOND i open up obs dude https://t.co/3J7pCW4Jen
6,2021-09-21 18:02:45+00:00,1440375964735655938,"join. or dont. idk 
https://t.co/6kOa0n4hnI"
7,2021-09-21 17:45:43+00:00,1440371678731661316,"why does twt keep going down
gay site"
8,2021-09-21 17:29:41+00:00,1440367644784295944,@choerrybreeder its fun
9,2021-09-21 17:28:35+00:00,1440367364608978951,i wish i was joking https://t.co/w68KGxNzsc https://t.co/0dmW9A7BnT
10,2021-09-21 17:24:55+00:00,1440366445465006087,i had ragebot disabled.... https://t.co/wtApAc7scg
11,2021-09-21 17:24:27+00:00,1440366325570752515,my cfg hitting the absolute opposite of p rn
12,2021-09-21 17:20:32+00:00,1440365338978185221,@AextheticIsHere @weigonghagboat @AgentFemiTv ÊàëÁà±ÊàëÁöÑÊúãÂèã Ëç£ËÄÄ‰∏≠ÂõΩ ÁäπÂ§™‰∫∫‰πãÊ≠ª
13,2021-09-21 17:19:13+00:00,1440365008102195203,nice i guess https://t.co/quoTKd3XSG
14,2021-09-21 17:05:58+00:00,1440361672858738690,cant find a good orange and black theme for discord
15,2021-09-21 17:03:27+00:00,1440361039619493891,@weigonghagboat @AextheticIsHere @AgentFemiTv i will suggest you reach out to this RATIO
16,2021-09-21 17:02:05+00:00,1440360695955030039,hate*
17,2021-09-21 17:00:40+00:00,1440360342316470291,"@heisdonmk1 @AextheticIsHere thanks don, i will"
18,2021-09-21 17:00:18+00:00,1440360249458708500,@AextheticIsHere my accounts usually go within 4-5 days this is new for me ngl
19,2021-09-21 16:59:47+00:00,1440360116625178628,"ong i have niggas who mm hvh and play like pussies
bro ur gonna get banned eventually play aggressive and have fun
""hehe imma hold this angle for 1 and a half minutes"" nigga log off"
20,2021-09-21 16:58:34+00:00,1440359812374491137,"@AextheticIsHere i can still do cases so its not down, but ive raged at least 10 times n no ban, wonder if vacnet is failing or something"
21,2021-09-21 16:57:18+00:00,1440359495004135436,"one win away from a rank in wingman, my accounts dont usually last this long. swag!"
22,2021-09-21 16:22:49+00:00,1440350816431317003,i like this very cool https://t.co/0AiUdRsWvd
23,2021-09-21 16:21:39+00:00,1440350523039748112,@niyacel https://t.co/wTcbR0K9ul
24,2021-09-21 16:11:17+00:00,1440347913893281797,"light mode discord + dark sidebar actually looks really cool
shame i like being able to see"
25,2021-09-21 15:50:31+00:00,1440342686020505600,i forgot what i was doing now im just looking at the roles menu
26,2021-09-21 15:30:48+00:00,1440337727120044038,"setting up a discord server takes more than 0.3 seconds and is therefore not worth my time
im bored tho so imma do it"
27,2021-09-21 14:40:31+00:00,1440325069188657173,you‚Äôre a politician. stfu https://t.co/3hwiNZ895A
28,2021-09-21 13:41:38+00:00,1440310251102752780,"he's safe
i can continue to fedpost praise the lord https://t.co/X9YfwsxknA"
29,2021-09-21 13:38:02+00:00,1440309346261364741,"@TriRagecomic88 ur such a cunt for that
take care ily"
30,2021-09-21 13:19:19+00:00,1440304635089063944,"@kasra725k zero (gothgirlliker) also got a visit. pretty sure he left twt bc of it
the 3rd would be jack"
31,2021-09-21 13:16:24+00:00,1440303904202190852,although that being said. pretty sure he‚Äôs just making some really shitty joke
32,2021-09-21 13:16:24+00:00,1440303901752762371,"if jack actually got arrested and isnt just making some fucked up joke 
im tweeting about csgo and ONLY csgo until my twitter dies. thats 3? people in a week. not worth getting arrested over twitter"
33,2021-09-21 13:12:26+00:00,1440302905395855362,this nigga best reply to my fucking texts
34,2021-09-21 13:04:33+00:00,1440300921892732939,build-a-bear is officially ruined for me. sick https://t.co/RHxNAIoSPl
35,2021-09-21 12:57:31+00:00,1440299148092207122,@meadowcorelover i can talk to women if i want to
36,2021-09-21 12:56:55+00:00,1440298997453758478,no https://t.co/Ol6cqar2iS
37,2021-09-21 12:51:55+00:00,1440297739661688836,@TriRagecomic88 we aint never making it out the hood
38,2021-09-21 12:02:42+00:00,1440285353609351176,@____Harryyy____ the correct take*
39,2021-09-21 11:55:03+00:00,1440283429191368718,tempted to make a new discord server ngl
40,2021-09-21 11:27:32+00:00,1440276505129472008,"tried to record an overwatch video bc i havent uploaded in 3 weeks and literally everyone in the past 2 days has been spinning
sometimes i wish vac actually fucking worked"
41,2021-09-21 11:26:14+00:00,1440276177197821959,yeah the suicide gave it away https://t.co/bIWWEntmv3
42,2021-09-21 11:08:33+00:00,1440271728551227393,https://t.co/Vfr3QOhxF5
43,2021-09-21 10:19:00+00:00,1440259257664827398,"actually.. at least warzone runs occasionally 
it gets a 1/10 in my book https://t.co/Dq9lEtVkIV"
44,2021-09-21 10:16:34+00:00,1440258646227619846,"""b-but warzone""
no. warzone is worse than nuclear winter idc"
45,2021-09-21 10:16:12+00:00,1440258553973932037,"alright ive been at it for like an hour now
i give up
every cod since bo3 has been ass and if u think otherwise u should be executed for being such a jew loving retard"
46,2021-09-21 10:14:18+00:00,1440258076444033024,nice. shaders are complete WOULD BE FUCKING GREAT IF I COULD PLAY THE GAME https://t.co/ZpaTxXVxpZ
47,2021-09-21 10:11:28+00:00,1440257363131338768,"this is not obs being weird btw
this is my actual experience, 5fps (720p?) and then a crash
loving it https://t.co/mifsoCvYTd"
48,2021-09-21 10:09:53+00:00,1440256965649649664,"ryzen 9 5900x + rx 5700 xt btw 
wonderful game, loving it so far"
49,2021-09-21 10:09:53+00:00,1440256963183403017,"loving the gameplay this year fellas, ya did a great job https://t.co/jfuC6U8KFT"
50,2021-09-21 10:05:30+00:00,1440255862119940099,if ur gonna play cod. play s1x or one of the plutonium games https://t.co/xHSxN2Zjla
51,2021-09-21 10:05:01+00:00,1440255739688194048,advanced warfare unironically mogs the last like 5 cods idc
52,2021-09-21 10:04:31+00:00,1440255613963935748,@space4xcat @SHGames on god
53,2021-09-21 10:00:59+00:00,1440254724985352193,im slowly but surely getting further into the game https://t.co/uCPLzb8ney https://t.co/vaE04AJRRC
54,2021-09-21 09:57:06+00:00,1440253747897122829,"i get here, then it just crashes @SHGames fix https://t.co/n5BIh5Jcvm"
55,2021-09-21 09:53:52+00:00,1440252933690458116,@meadowcorelover bc it bangs
56,2021-09-21 09:52:08+00:00,1440252497130496006,gonna try to get vanguard running one more time n if not im just assuming the game is ass like the last few
57,2021-09-21 09:46:55+00:00,1440251183000535049,"ryzen 9 5900x and a rx5700xt 

vanguard crashes on the main menu

LOVE IT!!! fuck yeah great game @ATVIAssist"
58,2021-09-21 09:43:55+00:00,1440250430945042433,@lSlSTAPPEDlN ayo this nigga evading permanent suspension get his ass #twitterforjews
59,2021-09-21 09:03:09+00:00,1440240171337715717,omg.... im gonna use my old pc and see if it runs https://t.co/1NeIRv8OEe https://t.co/1fVYYHE2bt
60,2021-09-21 09:00:48+00:00,1440239578980356101,oh they extended the vanguard beta. might give it a shot i guess
61,2021-09-21 08:41:54+00:00,1440234822287327238,chlamydia is definitely a woman https://t.co/65f1AVs1oT
62,2021-09-21 08:35:43+00:00,1440233263935541254,"i actually really enjoyed anthem, genuinely sad that it failed"
63,2021-09-21 08:27:49+00:00,1440231276196229127,"@incelrapescunny ill find u and kill u if u do
ur one of the only good mutuals i have left"
64,2021-09-21 08:10:44+00:00,1440226979597340679,"oh she didnt win, some girl from NI did. still odd they let her compete tho"
65,2021-09-21 08:09:42+00:00,1440226716933230601,"she‚Äôs not even peng lmao
couldn‚Äôt they have at least used maya jama? https://t.co/ZSg67NU4Rx"
66,2021-09-21 07:35:12+00:00,1440218037462786048,the clout grab is pretty obvious but i respect it
67,2021-09-20 22:06:00+00:00,1440074791285780491,"idrc if ppl get the vaccine 
couldve just gotten a vasectomy/tubes tied but hey. whatever works for you"
68,2021-09-20 21:58:47+00:00,1440072975269593088,"very good that they‚Äôre not handing out bailouts

incredibly shit that we‚Äôre gonna be without power https://t.co/nWQWL4VSsb"
69,2021-09-20 21:56:44+00:00,1440072460716494855,@SAINTLYHIS no
70,2021-09-20 21:37:05+00:00,1440067515464380422,"@th3_peyote @saint_dbag nope, that‚Äôs not how hate works but ok"
71,2021-09-20 21:32:03+00:00,1440066250336464898,"@th3_peyote @saint_dbag saying ""you will never be a real woman"" is not hate, it's a biological fact"
72,2021-09-20 21:19:32+00:00,1440063099847856137,"@th3_peyote @saint_dbag ‚Äúhate‚Äù is subjective 
plus christians don‚Äôt *hate* gay people, it goes against their religion so they think homosexuality is wrong 
they dislike the lifestyle not the person
they want to help the person repent and abandon their sinful lifestyle"
73,2021-09-20 21:13:21+00:00,1440061542146326532,@th3_peyote @saint_dbag that's not how it works and you know it
74,2021-09-20 21:01:35+00:00,1440058582246965250,"@_Frosts @Bwoah44 @Motorsport very unoriginal, at least you tried though"
75,2021-09-20 20:35:28+00:00,1440052009780985861,"bro even if it wasnt a minor, barking like an absolute spastic is weird as fuck https://t.co/B5d0XfYl6a"
76,2021-09-20 20:25:24+00:00,1440049475347632136,@th3_peyote @saint_dbag non-christians tryna tell christians what is/isnt christian will never not be funny
77,2021-09-20 19:12:04+00:00,1440031019155873798,@Rampage_2_2014 its over
78,2021-09-20 18:09:52+00:00,1440015366953086981,"its actually so insane that i made a joke ab bringing the feds to tappeds house
and then they pitted a car like 10 mins from his house
as the white tiktok girls would say, i ‚ú®manifested‚ú® it"
79,2021-09-20 18:06:23+00:00,1440014490590908428,"this has gotta be a parody account
dude called kasra a rightoid homophone https://t.co/JaOFVSVHVG"
80,2021-09-20 17:42:42+00:00,1440008530283700232,"idk, sounds dodgy mate https://t.co/YBmUHidkGo"
81,2021-09-20 16:36:33+00:00,1439991885712527363,"nope i googled it, i was thinking of ontario proud but they run canada proud
theyre far-right lol
real ""the demokkkrats are the real racists"" energy https://t.co/zTsQWx0ZlH"
82,2021-09-20 16:33:24+00:00,1439991089490956288,or am i thinking of another group
83,2021-09-20 16:33:23+00:00,1439991087293210624,arent canada proud supposed to be far-right? why are the crying ab blackface? https://t.co/S5wYFBBAL6
84,2021-09-20 15:51:47+00:00,1439980619509927944,the animated one is my antiaim https://t.co/ugCq01aosw
85,2021-09-20 15:51:45+00:00,1439980611255537668,LOVE IT! https://t.co/pllberzn5l https://t.co/uXMi8SMrl0
86,2021-09-20 15:42:34+00:00,1439978296599588869,"oh wait im still in this server w mod, imma add a emote"
87,2021-09-20 15:36:44+00:00,1439976829293637638,waiting patiently for tapped to get home so i can force him to play fallout w me
88,2021-09-20 14:46:38+00:00,1439964222201421831,@sadtsot now that sounds more accurate. 150m is too low
89,2021-09-20 14:40:21+00:00,1439962639619198978,150? https://t.co/UJsIoa6szY
90,2021-09-20 14:31:50+00:00,1439960498435510277,tappedin tryna be subtle https://t.co/XWvffG4DSW
91,2021-09-20 14:14:21+00:00,1439956097566134272,if george floyd didnt spend so much time on his damn phone maybe he‚Äôd still be alive
92,2021-09-20 13:03:45+00:00,1439938331220094981,amongus sussy balls
93,2021-09-20 12:06:03+00:00,1439923810451566596,the fact that this doesnt actually exist is a crime against humanity https://t.co/fVceFVaaui
94,2021-09-20 10:52:32+00:00,1439905310395846663,"interesting 
how many monthly subscriptions do u have perchance? https://t.co/N5t2sdaz3r"
95,2021-09-20 10:51:18+00:00,1439904999534993411,"@lSlSTAPPEDlN @schwesterlover :( well im not done w cs yet so we still have time to find something 

also play f76 w me today before cs i beg"
96,2021-09-20 10:32:41+00:00,1439900312618344450,cba https://t.co/YhnzBqqwcc
97,2021-09-20 10:29:56+00:00,1439899620965036033,@schwesterlover @lSlSTAPPEDlN i mainly play l4d2 bc the mods r better
98,2021-09-20 10:28:29+00:00,1439899255641096192,@_Frosts @Bwoah44 @Motorsport you‚Äôve got something in common with him then mate
99,2021-09-20 10:26:26+00:00,1439898742543499265,"@schwesterlover i also have l4d
do u have l4d @lSlSTAPPEDlN ?"
100,2021-09-20 10:25:21+00:00,1439898468722618370,"i need to find more games i can play w frens im tiring of cs. 
f76 would be great but that‚Äôs not a game for everyone 
honestly id play anything. a f2p game might be good bc theres no cost involved"
101,2021-09-20 09:58:26+00:00,1439891695940902912,"@AnaMaggie6 @Gombeenhunter please stfu i beg
this is why they don‚Äôt like us"
102,2021-09-20 09:52:35+00:00,1439890221668122626,@lSlSTAPPEDlN who? https://t.co/rMd7w9OH8m
103,2021-09-20 09:51:50+00:00,1439890033402650624,"she was being nice. u should appreciate it bc most people probably just call u an obnoxious cunt or ignore u by the looks of things
no amount of time in the gym will ever stop you being a massive sperg https://t.co/qsGchEp7tF"
104,2021-09-20 08:58:15+00:00,1439876549206061057,it was a mag-7
105,2021-09-20 08:55:46+00:00,1439875925009702917,"i remember meeting a guy in mm that had a stat-track heaven guard named ""angel gabriel"", i wonder where he went, he was blatant as fuck so that skin is prob dead by now"
106,2021-09-20 08:38:51+00:00,1439871667363368964,@kebabuser https://t.co/CS7uHfbr3U
107,2021-09-20 08:37:50+00:00,1439871411133325316,please laugh im going insane
108,2021-09-20 08:37:50+00:00,1439871409447112706,get it... bc the skin is called the kraken HAHAHAHHAHAHAHAHAHAHHHAHHAHAHAHAHAHHAAHHAHAYHAHA https://t.co/nNtXjKEpWW
109,2021-09-20 08:00:26+00:00,1439861997865218053,"it has been 4 days but i have finally finished my neverlose config
time to have to completely redo it bc its ass"
110,2021-09-20 07:46:24+00:00,1439858468656144386,cunny
111,2021-09-20 06:42:59+00:00,1439842507660070917,"one of my only real memories of playing f76 at release was buying it for my friend 3 months in when i was level 120(?)
and i made a build designed solely for getting enemies down to basically one shot so he could finish them off for easy xp"
112,2021-09-20 06:38:39+00:00,1439841416553893888,@moriphile yes. i did
113,2021-09-20 06:36:46+00:00,1439840942459084802,he chillin https://t.co/Kds5xTbval
114,2021-09-20 06:33:53+00:00,1439840216144130049,@24_7MerryLove @vrilgroyper @SimpleAt1565 shut up
115,2021-09-20 06:29:42+00:00,1439839166041317376,looking rather dashing if i do say so myself https://t.co/LeCQkRmHjL
116,2021-09-20 06:19:10+00:00,1439836512946954241,"@Po0pS1mulator yh ik, but theres gotta be land thats at least flatter than where i am rn"
117,2021-09-20 06:13:41+00:00,1439835134333685763,"if anyone knows a flatter place (with a good view/environment) let a nigga know!!!!
a foresty place would be pretty good but i havent played in like 2/3 year so idk where tf anything is anymore https://t.co/EnfgvAvWqs"
118,2021-09-20 06:09:14+00:00,1439834013062111232,"i would be much higher, ive just been adventuring and seeing whats new
i havent played since like 5 months after release https://t.co/YdV6q7Wxdy"
119,2021-09-20 06:08:08+00:00,1439833738544832519,"only level 5 right now but the game is so much more fun already than it was at launch
fallout 1st is worth it for the private worlds alone"
120,2021-09-20 05:56:13+00:00,1439830737474179074,https://t.co/pf1dMsecr9
121,2021-09-20 05:44:13+00:00,1439827719395684352,italian americans trying to not mention that they‚Äôre italian for 5 seconds https://t.co/C48LIdOYIE
122,2021-09-20 05:35:25+00:00,1439825504039735297,blockbuster https://t.co/Ns8lYbz4pl
123,2021-09-20 05:25:52+00:00,1439823100988768261,"@moriphile ""heejin rapist"""
124,2021-09-20 05:20:51+00:00,1439821839275069442,1984 https://t.co/xowuQHBLJc
125,2021-09-20 05:09:32+00:00,1439818989203505156,"the dalai lama unironically supports ethno-nationalism btw
his statement on european migrants isn‚Äôt a one off, it‚Äôs a continuation of an ongoing pattern 
in fact most buddhists support ethno-nationalism, regardless of what larping white american girls may think https://t.co/ZQzWrRKMIK"
126,2021-09-20 04:29:53+00:00,1439809012296519681,@KingDaveth the first game was pretty good imo. it was dogshit after that tho i agree
127,2021-09-20 04:26:39+00:00,1439808198060433412,"alexa, define irony https://t.co/r6YQBagRGP"
128,2021-09-20 04:20:12+00:00,1439806576508952577,@PacificPopulist hard to tell if irony or not
129,2021-09-20 04:18:21+00:00,1439806110974857223,@moriphile contra and foreskin
130,2021-09-20 04:17:25+00:00,1439805873854029826,ah. two bignamers r fighting. time to see how this unfolds
131,2021-09-20 04:15:02+00:00,1439805276622819333,this does not count for the 3 people ive spoken to ab this bc ik why u ‚Äòassociate‚Äô with them
132,2021-09-20 04:15:02+00:00,1439805274970329089,"think its better to simply stop associating with people who associate with someone like that 
sure some of you are good friends, but you‚Äôve been told what they did, yet you still are close with them"
133,2021-09-19 21:45:45+00:00,1439707307034689537,damn https://t.co/EyzTvaaF4n https://t.co/j7tPPIpHmR
134,2021-09-19 21:44:15+00:00,1439706929740361728,quickest ratio in the west
135,2021-09-19 21:40:25+00:00,1439705968225529856,i‚Äôm on a roll tonight https://t.co/YrOJO6wsJ3
136,2021-09-19 21:32:47+00:00,1439704043740401667,https://t.co/X3nIY3JOj2
137,2021-09-19 21:24:43+00:00,1439702017262428165,@moriphile shouldve played w us
138,2021-09-19 21:16:23+00:00,1439699918197862400,reckon i learn how to play w my feet so i can scroll twitter while i play
139,2021-09-19 21:13:39+00:00,1439699228817829889,@kebabuser im gonna keep shooting him every time we play
140,2021-09-19 21:07:37+00:00,1439697710853107714,"i wonder what spectating me in cs looks like
bc usually i use third person n use one hand while i text n use my elbow to aim 
so idk what it actually looks like"
141,2021-09-19 21:02:14+00:00,1439696355962855426,@xxraylesa better only be horny w me
142,2021-09-19 20:52:34+00:00,1439693923799154694,@kebabuser i apologize. i sent him the killsay lus
143,2021-09-19 20:42:00+00:00,1439691266820870144,no one laughed in game so i have come to twitter
144,2021-09-19 20:41:40+00:00,1439691180078419968,im funny as fuck smd https://t.co/K8YNv8JHps
145,2021-09-19 19:29:52+00:00,1439673110660358146,@xxraylesa huh
146,2021-09-19 17:53:09+00:00,1439648771139411976,@JiyoonPhnom theyre right on both fronts
147,2021-09-19 17:32:50+00:00,1439643661856292868,"@JiyoonPhnom she posted her tits without her face
he got horny n started publically flirting
he then found out what she looked like (second ss) and had a bit of a breakdown"
148,2021-09-19 17:31:35+00:00,1439643347078062083,@JiyoonPhnom i witnessed this happen live
149,2021-09-19 17:28:33+00:00,1439642583479816203,it was much funnier when it happened. still kinda funny tho https://t.co/8QfTVbZqBC
150,2021-09-19 17:22:30+00:00,1439641060452536328,"i was in town when this happened, i was having a meal w friends :)"
151,2021-09-19 17:21:58+00:00,1439640925588840453,i love this city https://t.co/h22u3GNFFQ
152,2021-09-19 17:19:23+00:00,1439640276092522496,"i‚Äôve been to america, everyone i interacted with was normal 

the internet however is a different story"
153,2021-09-19 17:16:53+00:00,1439639644153450496,@JiyoonPhnom by knowing
154,2021-09-19 17:15:58+00:00,1439639416037859329,don‚Äôt retweet tweets from people that i don‚Äôt like onto my timeline i will take it as a personal attack and hunt u down
155,2021-09-19 17:13:37+00:00,1439638824318025733,‚Äúalerta antifascista‚Äù larpy as fuck tryna sound cool
156,2021-09-19 17:09:07+00:00,1439637692711677958,bro i told her my surname and she went silent its over https://t.co/jYXQ5jQWBm
157,2021-09-19 17:08:15+00:00,1439637473521451009,https://t.co/a5oBEhqz3c
158,2021-09-19 17:02:57+00:00,1439636140764639232,@dr_kred agreed
159,2021-09-19 17:02:47+00:00,1439636096887971844,jews when when.. when i walk into the the room #funnyjoke https://t.co/U90ZBkHioE
160,2021-09-19 16:58:51+00:00,1439635109641179139,@dr_kred https://t.co/2N0pBA02hR
161,2021-09-19 16:57:17+00:00,1439634713417814017,@dr_kred cunnie
162,2021-09-19 16:56:27+00:00,1439634504444940293,@dr_kred yes. and u highlighted ‚Äúmentally ill‚Äù 3 times
163,2021-09-19 16:54:15+00:00,1439633949609844740,@dr_kred why he say ‚Äúmentally ill‚Äù 3 seperate times?
164,2021-09-19 16:51:53+00:00,1439633352781410306,@JiyoonPhnom north i would hope
165,2021-09-19 16:51:24+00:00,1439633234267082755,did u really not notice the 6 swastikas in plain sight?? like lmfao how
166,2021-09-19 16:50:31+00:00,1439633009309851648,@JiyoonPhnom russian i presume?
167,2021-09-19 16:49:15+00:00,1439632690890919938,@JiyoonPhnom northern ireland?
168,2021-09-19 16:48:29+00:00,1439632500582666251,@JiyoonPhnom ur british???
169,2021-09-19 16:47:58+00:00,1439632368374108166,why delete bro? it was doing so well @NickVitaleLucas https://t.co/dGCZoQKYLC
170,2021-09-19 16:44:55+00:00,1439631603324628992,@JiyoonPhnom im going to block u
171,2021-09-19 16:43:46+00:00,1439631311715569669,getting a job at mi5 so i can get paid to talk to my frens
172,2021-09-19 16:42:28+00:00,1439630984002117638,and yes the edits technically count as propaganda
173,2021-09-19 16:24:35+00:00,1439626485124448256,goodbye *shits myself*
174,2021-09-19 16:07:01+00:00,1439622063745118212,https://t.co/nyjXw5eADq
175,2021-09-19 14:02:37+00:00,1439590756621164547,https://t.co/PO2k6xkTou
176,2021-09-19 13:53:59+00:00,1439588586052014083,LMFAOOOOOOO https://t.co/sGbXtkYA6j https://t.co/S4iTKbbPoE
177,2021-09-19 13:42:03+00:00,1439585582183759884,@SaikoCheyenne not as cool as spanish tho
178,2021-09-19 13:38:38+00:00,1439584722234093569,the bad ending https://t.co/MQDzoAH46I
179,2021-09-19 13:21:06+00:00,1439580310287654921,bored
180,2021-09-19 12:46:25+00:00,1439571581060141064,bunker https://t.co/LKLZIugjfb
181,2021-09-19 12:14:37+00:00,1439563579066302469,"need 5 concrete, no clue where tf to get concrete"
182,2021-09-19 12:12:24+00:00,1439563021618188291,"this spot is surprisingly pretty flat and has a good view
i think i will built here, yes https://t.co/5bhb7Dos49"
183,2021-09-19 11:59:41+00:00,1439559821762699269,the least cool nazi absolutely mogs u https://t.co/vVQ4nyKD0p https://t.co/FfolWyv9Dj
184,2021-09-19 11:58:21+00:00,1439559486293921794,@BethesdaStudios this is a banger idea do it
185,2021-09-19 11:58:21+00:00,1439559482577653762,"they should really allow you to make custom emblems in fallout76, even if its like the F1 games where its preset designs and u can only change the colours, i think it‚Äôd be cool
could sell them for like 50 atoms or something"
186,2021-09-19 11:41:35+00:00,1439555266706558976,"my camp location is temporary, the spot i used on ps4 has an npc tent there now :("
187,2021-09-19 11:39:31+00:00,1439554744566046732,on the bright side i do look rather dashing https://t.co/FxQBwZFtCU https://t.co/J8gUPBOpTN
188,2021-09-19 11:34:17+00:00,1439553429177880585,@Stalkerenjoyer9 i heard its not even him
189,2021-09-19 11:31:56+00:00,1439552834698190850,the game automatically equips the rainbow flag when u first start too lmao
190,2021-09-19 11:31:22+00:00,1439552692716716033,"3 child molesters in my lobby, disgraceful https://t.co/72zImR28Jl"
191,2021-09-19 10:38:42+00:00,1439539441274589189,@LiamTheAnglo oh no!! the fed blocked u. how will u survive?
192,2021-09-19 10:16:35+00:00,1439533875793891331,i support mutually assured destruction for the balkan nations!!!!! üáßüá¨üá≤üá∞üá≤üá™üá¶üá±üá≠üá∑üá∑üá∏üáßüá¶
193,2021-09-19 10:13:08+00:00,1439533005685628928,https://t.co/YFiBxctENK
194,2021-09-19 10:12:37+00:00,1439532876396179462,https://t.co/fm59SLrspu
195,2021-09-19 10:12:21+00:00,1439532807819251713,https://t.co/4KO5mGyadh
196,2021-09-19 10:11:54+00:00,1439532697026797568,https://t.co/P1YpWL0X2E
197,2021-09-19 10:05:43+00:00,1439531138675093505,https://t.co/mr5KMf1Nw7
198,2021-09-19 10:00:13+00:00,1439529756970655744,@JiyoonPhnom yh i know
199,2021-09-19 09:58:55+00:00,1439529427260555264,someone go check for me thx
200,2021-09-19 09:58:54+00:00,1439529423213051907,he came but i kept sucking (public sex) https://t.co/qT37X3EPbI
201,2021-09-19 09:57:30+00:00,1439529071508066309,@JiyoonPhnom mutual qrt‚Äôd it
202,2021-09-19 09:56:31+00:00,1439528824853696512,"i could tweet a random sentence to do with sex and i guarantee it‚Äôd be a porn title, or at least close"
203,2021-09-19 09:51:35+00:00,1439527584220450816,mid https://t.co/4jh0WdK3MS
204,2021-09-19 08:55:38+00:00,1439513503807807488,fuck it. install the game twice like a real nigga https://t.co/9DyDp8s8kh
205,2021-09-19 08:52:54+00:00,1439512815967035392,telling atheists that scientists fill the same roll as priests to piss them off
206,2021-09-19 08:40:08+00:00,1439509601578278915,"biting the sun isnt very smart mate
its a bit hot uno https://t.co/oW3EMJ2Rrg"
207,2021-09-19 08:30:27+00:00,1439507163446120451,@schwesterlover @ilySatsukii @hitagipilled @incelrapescunny @lSlSTAPPEDlN @CatSoc_Raphi @Jackfanaccount9 @LiamTheAnglo @burgensmurgen @TriRagecomic88 @dr_kred love u voki
208,2021-09-19 07:56:24+00:00,1439498597666594817,"@lSlSTAPPEDlN lmfao hes an ancap i just noticed
ofc he wants bigtech to censor people
better rich jews than the tyrannical gubberman amirite"
209,2021-09-19 07:55:42+00:00,1439498418561425408,"@lSlSTAPPEDlN ""anarchism!!! until someone disagrees, then we have the gov... big te... um... but.. like its okay because theyre a bad person so"""
210,2021-09-19 07:38:13+00:00,1439494020724580352,"@Ch1xThe35th yeah, chapter one season 5 iirc"
211,2021-09-19 07:23:50+00:00,1439490401287786500,"niggas dedicated hours upon hours to watching some dumbass digital cubes move
i gotta respect the absolute dedication to being a complete fucking loser https://t.co/Ki8mhnmXjz"
212,2021-09-19 07:06:45+00:00,1439486101689876483,gimmick accounts don‚Äôt fall for obvious bait/irony challenge [impossible] https://t.co/G2ccWLVNiV
213,2021-09-19 06:30:52+00:00,1439477069986115588,"alr im saving for this, i hope it doesnt leave before i can get it https://t.co/nokYGLBKuc"
214,2021-09-19 06:28:45+00:00,1439476538202787842,"flags also look dope
much cheaper too, hm maybe https://t.co/vo96qSuUjM https://t.co/yB7CblIfoT"
215,2021-09-19 06:27:40+00:00,1439476264616742915,the only cool looking shit in this game is raider/commie themed
216,2021-09-19 06:27:12+00:00,1439476148359008256,this shit lowkey looks cool but.... thats half my atoms nigga https://t.co/sMAKMvlOMC
217,2021-09-19 06:23:04+00:00,1439475107697774596,nice to know that all of the dallas cowboys molest little boys https://t.co/RW1cCnBpBq
218,2021-09-19 06:19:15+00:00,1439474147944542208,exceptional https://t.co/1So0qSQoFN
219,2021-09-19 06:04:04+00:00,1439470324693839877,"‚Äúhey, we have an assignment for you‚Äù

‚Äúoh finally i can‚Äôt wait, where am i headed? alaska i hope‚Äù

‚Äútwitter‚Äù

*gunshot* https://t.co/1g5VRIJwSj"
220,2021-09-19 06:01:44+00:00,1439469739437404169,"bro imagine you dream of joining the fbi as a kid bc u wanna stop actual terrorists, you work for years to finally join.

but instead of infiltrating terrorist cells you‚Äôre tasked with watching a groupchat where they talk about cunny, kpop and/or minecraft

i‚Äôd kill myself"
221,2021-09-19 05:53:42+00:00,1439467716860170243,@PacificPopulist @goyimHunter1 he‚Äôs a sandnigger in my eyes
222,2021-09-19 05:52:52+00:00,1439467508264751105,"plus‚Ä¶ doubt they‚Äôre sending their best for this shit, probably just interns/new hires"
223,2021-09-19 05:52:51+00:00,1439467504900976640,"told u. the feds are never gonna be the normal looking dudes
its always the ones that seem WAYYY too into it
feds are retarded, they don‚Äôt know how to act normal, we know this https://t.co/IjrLpx1pY3"
224,2021-09-19 05:50:02+00:00,1439466796277551109,@netflixandvril it can kill u but if u actually plan on working out n gaining the benefits of it then its prob worth it to some extent
225,2021-09-19 05:47:41+00:00,1439466204725452807,@PacificPopulist i hate this sandnigger so much. why does he try so hard to seem intellectual and woke.
226,2021-09-19 05:37:46+00:00,1439463708959313925,"@WuTangInaMo ripple the company controls all the nodes, so i‚Äôd rather not take that risk"
227,2021-09-19 05:32:14+00:00,1439462314097397762,cant wait for those transaction fees that are higher than the actual transaction itself wowie!!!
228,2021-09-19 05:30:45+00:00,1439461943157399555,sell it and buy litecoin or bitcoin because ethereum is dogshit https://t.co/Q2ErUHhWew
229,2021-09-19 05:14:33+00:00,1439457866658746370,"the person the tweets are about will never see them and even if they do, they‚Äôre too stupid to be able to figure out it‚Äôs about then"
230,2021-09-19 05:13:04+00:00,1439457492610727940,"if you ever see me tweeting something cryptic, just know it‚Äôs about something only maybe 3 people know about and i‚Äôm tweeting it to get it out of my system"
231,2021-09-19 05:09:23+00:00,1439456564268634114,"they‚Äôve already dug themselves in deep, it‚Äôs gonna be hard to remove them"
232,2021-09-19 04:55:33+00:00,1439453082321047555,https://t.co/ftG0qwN3XN
233,2021-09-18 21:09:56+00:00,1439335908189278214,@HydrexLegit oh i thought he just got really excited over the thought of dudes shagging other dudes
234,2021-09-18 21:08:55+00:00,1439335651942572042,"@sadtsot buying shit u can just screenshot
its autistic peoples new obsession"
235,2021-09-18 21:07:55+00:00,1439335401043505157,@HydrexLegit why did he breath so heavy after that üò≠
236,2021-09-18 21:05:33+00:00,1439334804869238791,THEYRE NOT FAT AND DRINK WATER?? FEDS!!!
237,2021-09-18 21:04:55+00:00,1439334643854086145,@SAINTLYHIS @sneedbruh i am indeed
238,2021-09-18 21:03:41+00:00,1439334334780035077,"they‚Äôre literally just normal looking dudes doing normal dude things
not every well-kept dude is a fed bro, it is okay to look after yourself https://t.co/xeskWSXTgC"
239,2021-09-18 17:55:43+00:00,1439287032375881728,hm i wonder what the ethnicity and religious beliefs of the owner/ceo of jacobin is https://t.co/Z4osCDEOZL
240,2021-09-18 17:49:52+00:00,1439285557629235207,"when the world ends, i‚Äôll be by your side"
241,2021-09-18 16:13:06+00:00,1439261208406806528,hello kitty murder. google it
242,2021-09-18 16:07:58+00:00,1439259913369292805,"‚Äúyou want to die? then throw yourself into the sea and you‚Äôll see yourself fighting to survive. you do not want to kill yourself, rather you want to kill someone inside of you‚Äù"
243,2021-09-18 15:54:07+00:00,1439256429697933312,https://t.co/4GrQU8P3jT
244,2021-09-18 15:38:22+00:00,1439252465095004168,honey bees can detect bombs
245,2021-09-18 15:00:08+00:00,1439242844649234440,"satan is not going to reward you for serving him
if he betrayed God, he‚Äôs going to betray you"
246,2021-09-18 14:25:43+00:00,1439234181024948231,"im under no illusion that i will escape samsara in this life, i have many more to go, i will have fun"
247,2021-09-18 14:20:47+00:00,1439232942446874626,@pespid0ge nigga what did u search up to find this?
248,2021-09-18 14:20:04+00:00,1439232761605332993,this is what happens when jews consume 1000 foreskins https://t.co/oirqu6sT6m
249,2021-09-18 14:05:16+00:00,1439229037965107201,i always wonder what the reaction of some of the tradcath larpers on here is when they find out angels aren't hot breedable blonde girls
250,2021-09-18 13:59:19+00:00,1439227540867096577,"""13 Angels Standing Guard 'Round the Side of Your Bed"" https://t.co/TNctFM0EU0"
251,2021-09-18 12:21:56+00:00,1439203031816491018,@EnryUIad @NeoLandlordism ur dodging the question and it‚Äôs boring me
252,2021-09-18 12:11:18+00:00,1439200355091353605,its over. we aint coming back https://t.co/wCCD6T6Q2y
253,2021-09-18 12:10:59+00:00,1439200274116186113,"@EnryUIad @NeoLandlordism nothing about your statements clarified how it‚Äôs a flawed argument 
either explain how or stfu"
254,2021-09-18 12:04:55+00:00,1439198750598119425,@EnryUIad @NeoLandlordism you gonna elaborate? https://t.co/Abefg3H3ff
255,2021-09-18 12:03:16+00:00,1439198332748976129,‚Äúkill it‚Äù https://t.co/Z91kfj4uv0
256,2021-09-18 11:46:49+00:00,1439194194237591557,@incelrapescunny id fuck it
257,2021-09-18 11:43:43+00:00,1439193415821012992,"1m people liked this video‚Ä¶ its literally monkeys
how tf do niggas have access to google and still be this fucking stupid https://t.co/YOW5Vih6Ye"
258,2021-09-18 11:01:24+00:00,1439182765811974146,already know some autist is gonna get mad at this
259,2021-09-18 10:54:57+00:00,1439181141832052738,kek @FBI look how cool this tiktok is https://t.co/8kjwm7WidY
260,2021-09-18 10:39:42+00:00,1439177304693956610,he got his first griefing ban https://t.co/0ipikwyQ3Z
261,2021-09-18 09:59:25+00:00,1439167167115767808,https://t.co/msxmwQWQsN
262,2021-09-18 09:36:39+00:00,1439161436228530178,"ive no issue with non-religious people but dont hit me with that
‚Äúbut God cant exist its so stupid‚Äù bullshit
nigga u literally think an INFINITE universe was created from an explosion between two teeny tiny atoms and that we all evolved from one cell
thats not more believable"
263,2021-09-18 09:02:41+00:00,1439152888174071817,@Ch1xThe35th its basically like a demon thats attracted if u say/think/say its name or whatever https://t.co/yrGBCKEDLe
264,2021-09-18 08:41:04+00:00,1439147448467853312,"im genuinely curious.
are skinwalkers an exclusively american thing or?"
265,2021-09-18 08:39:07+00:00,1439146958061543426,https://t.co/Be1AiKk7T0
266,2021-09-18 08:33:12+00:00,1439145469142347776,"the virgin ‚Äúi have unfinished business‚Äù
vs
the chad ‚Äúim evil nigga, im here to do evil shit‚Äù https://t.co/Nt2pitZ5Xs"
267,2021-09-18 08:30:47+00:00,1439144862197092354,i believe in demons. i don‚Äôt believe in ghosts
268,2021-09-18 08:19:17+00:00,1439141965472354307,no word on if we are getting genetically engineered catgirl cunny ü§î https://t.co/xppzfrloqK
269,2021-09-18 08:13:53+00:00,1439140609772638208,could make the argument that i didn‚Äôt really join until i started tryna make frens but i wont listen to that argument bc idc ab ur opinion https://t.co/Ylhy9SkF1W
270,2021-09-18 08:12:07+00:00,1439140161359601666,"little under actually, i ‚Äòjoined‚Äô rwtwt on 29th september 2020 iirc
just sat here liking shit for the first few months tho, i fully got involved just before the december banwave 
had a good growth after that until the late feb-early march banwave, it was better back then"
271,2021-09-18 08:12:06+00:00,1439140158411100161,in two weeks i will have been getting called a fed by larping faggots for an entire year üçª
272,2021-09-18 08:05:20+00:00,1439138457125851138,im just a nigga doin me ü§∑‚Äç‚ôÇÔ∏è
273,2021-09-18 08:02:13+00:00,1439137672396787717,what a faggot https://t.co/9OZC6eU0Ts
274,2021-09-18 07:40:04+00:00,1439132098208600064,ratio https://t.co/67YmVvCKc2
275,2021-09-18 07:02:59+00:00,1439122763835449348,https://t.co/lNKazXYprt
276,2021-09-18 06:59:19+00:00,1439121842363633667,real https://t.co/BnduLZSud2
277,2021-09-18 06:56:57+00:00,1439121246176911363,this is what happens when u let TV raise ur kids for u https://t.co/Y23dyLcHNY
278,2021-09-18 06:50:57+00:00,1439119738152570884,"and that‚Äôs without taking into account that they where fighting a war on two (three if u count denmark) fronts and consistently ran out of supplies 
its just not logistically possible for them to do it https://t.co/QPKKwGdxJ4"
279,2021-09-18 06:48:43+00:00,1439119175256006659,and 600k is a medium estimate
280,2021-09-18 06:48:43+00:00,1439119173045608450,"okay. you‚Äôre kinda stupid if you think the holocaust never happened in any capacity 
but you are downright retarded if you think it was 6million
even if we‚Äôre taking into account every single possible method of extermination, you‚Äôre looking at a max of 600k over the span of 5 yrs"
281,2021-09-18 06:40:52+00:00,1439117200602935296,@dr_kred @FedpostPriv i dont like how honey tastes
282,2021-09-18 06:35:14+00:00,1439115783783727104,@PacificPopulist womens world cup games to fall asleep to [12hours]
283,2021-09-18 06:33:53+00:00,1439115440400252931,btw i didnt even unfollow anyone lmao. i temporarily deactivated and boom. like 200 people unfollowed
284,2021-09-18 06:32:29+00:00,1439115088833699841,SEX NUMBER ü§£ü§£ü§£ü§£ü§£üò≠üò≠üò≠üíÄüíÄüíÄüíÄüíÄüòàüòàüòàüòà https://t.co/o74AY9ypec
285,2021-09-18 06:31:44+00:00,1439114901201604608,need to follow someone. 66 following seems like a bad omen
286,2021-09-18 06:30:32+00:00,1439114599824076808,how do i sell my UNVACCINATED cummies?? @NHSuk
287,2021-09-18 06:28:05+00:00,1439113984020525058,üçª https://t.co/YI7mQfceC9
288,2021-09-18 06:13:33+00:00,1439110323739447298,idk what im tweeting either dont ask me
289,2021-09-18 06:12:50+00:00,1439110144550445056,@schwesterlover but im cumin in cunnie üò©üò©üôå SKWUIRTIN
290,2021-09-18 06:11:33+00:00,1439109821299675136,@COVIDenjoyer idk what im tweeting tbh
291,2021-09-18 06:08:47+00:00,1439109123392655362,@SAINTLYHIS üòà
292,2021-09-18 06:08:34+00:00,1439109069621583876,i‚Äù‚Äôm skwuirting üò©üçÜüí¶
293,2021-09-18 06:05:56+00:00,1439108407345176577,@SAINTLYHIS cum-in cunnie
294,2021-09-18 06:04:08+00:00,1439107953076969473,im talking ab the seasoning yes
295,2021-09-18 06:03:31+00:00,1439107799477260288,being cumin is SIN! it said so in the God book [bible]
296,2021-09-18 06:01:26+00:00,1439107276472782848,@FP_Priv 13 stars. how wonderful
297,2021-09-18 05:59:00+00:00,1439106662112051201,i love the feeling when u get a near pair of headphones n they fit so snug
298,2021-09-18 05:47:48+00:00,1439103843267194891,@xxraylesa ur hotter
299,2021-09-18 05:36:34+00:00,1439101017912643585,@xxraylesa NICE TITS üëç
300,2021-09-18 05:35:37+00:00,1439100779630055425,@SlGMAGAEL @SAINTLYHIS spaces is still gay
301,2021-09-18 05:21:36+00:00,1439097252560220161,@SAINTLYHIS i block everyone who starts a space. just use discord
302,2021-09-18 05:19:31+00:00,1439096727911510019,https://t.co/500h3HKxVT https://t.co/a5CmBrIMwD
303,2021-09-18 05:12:51+00:00,1439095051141980162,@xxraylesa they‚Äôre very nice
304,2021-09-18 05:12:24+00:00,1439094934850752512,@moriphile her songs r good i like the one about anacondas. i like snakes :)
305,2021-09-18 05:11:54+00:00,1439094808518303745,i wonder if shes gonna be a slipper throwing mum or a furniture throwing mum
306,2021-09-18 05:06:42+00:00,1439093499580792836,ZOGGED https://t.co/SevRIdSBSm
307,2021-09-18 05:06:18+00:00,1439093402394664963,@PacificPopulist whats she gonna do? tell her egirl friends?
308,2021-09-18 05:06:01+00:00,1439093331611594763,@PacificPopulist tell her u r
309,2021-09-18 04:48:12+00:00,1439088847623688194,me when i play with @moriphile
310,2021-09-18 04:47:11+00:00,1439088589539876866,i'm being punished https://t.co/23fyw6PF9X https://t.co/xecwUAqvUx
311,2021-09-18 04:34:25+00:00,1439085376854007808,what an excellent teammate https://t.co/tXp0RWgV0L
312,2021-09-18 04:26:11+00:00,1439083306008653829,@Ghess_Who gngn
313,2021-09-18 04:25:37+00:00,1439083163154894848,@Ch1xThe35th buck = BROKEN
314,2021-09-18 04:08:53+00:00,1439078949653557251,"most people here only hate china bc its what they *think* they should do
china is cool
taiwan is reddit
this is a known fact"
315,2021-09-18 04:01:13+00:00,1439077023654334466,‰∏≠Âçé‰∫∫Ê∞ëÂÖ±ÂíåÂõΩÁöÑÂÖâËç£ https://t.co/DVc8Gp7Jf5
316,2021-09-18 03:51:36+00:00,1439074600038584320,mid-lifecrisismaxxing https://t.co/q1KdpbxhHf
317,2021-09-18 03:47:24+00:00,1439073547067006979,wonder if finn is already back under a new alias
318,2021-09-18 03:46:30+00:00,1439073318913593345,"hasan just discovered the concept of aging 
maybe now he'll stop dressing like a 17 year old twink and dress like a normal 30 year old https://t.co/Zp647ZK14U"
319,2021-09-18 03:43:41+00:00,1439072608012623872,gf asked me if im racist and im just sitting here like https://t.co/oTMFVzFgKi
320,2021-09-18 03:34:14+00:00,1439070232237248513,"@EnryUIad @NeoLandlordism so no, you're not going to tell me why the argument is flawed?

alr, reply whenever you feel like telling me bud i've got some time while i do laundry"
321,2021-09-18 03:30:20+00:00,1439069251701182464,@EnryUIad @NeoLandlordism are you gonna tell me why the argument is flawed or not?
322,2021-09-18 03:24:04+00:00,1439067673556570115,"@EnryUIad @NeoLandlordism how is it a flawed argument
the argument was about statistics so if the argument is flawed you imply that the statistic is flawed, hence why i mentioned the statistic that the argument is based around"
323,2021-09-18 03:15:34+00:00,1439065534885150723,"@EnryUIad @NeoLandlordism fuck it, i‚Äôm bored so i‚Äôll humor you
why is it a flawed statistic?"
324,2021-09-18 03:05:12+00:00,1439062924396539910,"@Prof_EggSavior @LVaush @discountpicasso @FlamencoTV_YT yeah, she‚Äôs unironically much smarter"
325,2021-09-18 03:02:46+00:00,1439062314175586306,"@EnryUIad @NeoLandlordism don‚Äôt really care, that‚Äôs what the message of the meme is"
326,2021-09-18 03:02:17+00:00,1439062191563591681,replacing fascism with pretty much any authoritarian ideology also works
327,2021-09-18 03:02:17+00:00,1439062189713895425,"anarchism exists only as a gateway to fascism
people get anarchism, it works for a week, then everything falls apart, a race war breaks out and boom everyone wants fascism"
328,2021-09-18 03:00:41+00:00,1439061790198046722,boutta tweet something factual
329,2021-09-18 02:58:30+00:00,1439061240253493248,i want america to have a nazbol and an attempted anarchist phase bc i think that‚Äôd be funny to watch from afar
330,2021-09-18 02:54:53+00:00,1439060327094702088,fo real fo real #trumpyang2024 https://t.co/p5SKj3JtC2
331,2021-09-18 02:51:09+00:00,1439059389323915270,@CultPhilistine im still trusting the plan üôå https://t.co/nKVcDQyHL5
332,2021-09-18 02:50:28+00:00,1439059216736702465,"honestly im conflicted on this
on one hand it‚Äôs a massive overreaction to something that is just a glorified flu
on the other, it‚Äôs infringing on the rights of welsh ‚Äúpeople‚Äù https://t.co/VrDxnJtt7E"
333,2021-09-18 02:46:46+00:00,1439058286347751428,@pepper_anime @NeoLandlordism then why ask what it meant
334,2021-09-18 02:44:48+00:00,1439057792585842690,"@pepper_anime @NeoLandlordism black people small % of population 
commit many % of crime"
335,2021-09-18 02:37:55+00:00,1439056060531331072,look guys! free NFT method (working 2021) https://t.co/NfMmvwVaeg https://t.co/Gz7E1H3FIG
336,2021-09-18 02:36:54+00:00,1439055803047108609,"all the autists in the replies foaming at the mouth waiting for the opportunity to buy some shitty digital artwork for $3k eth + $6k gas free 
i miss when niggas would just gamble or buy fidget toys https://t.co/aiSjPcI8lF"
337,2021-09-18 02:31:50+00:00,1439054526728839172,"@mustardloaf ive seen worse jokes, wouldnt block someone over it"
338,2021-09-18 02:31:03+00:00,1439054330301198343,atheists fighting the urge to tell everyone at the function that they think religion is retarded https://t.co/eWFZZVffU6
339,2021-09-18 02:27:59+00:00,1439053558247268353,@mustardloaf what they block u over?
340,2021-09-18 02:24:20+00:00,1439052638683865092,im just‚Ä¶ impressed https://t.co/dSq4EQNcd0
341,2021-09-18 02:19:47+00:00,1439051493928312838,@COVIDenjoyer @NICKIMINAJ did they delete her posts from yesterday too?
342,2021-09-18 02:16:42+00:00,1439050720548950021,"i think it‚Äôs because they‚Äôre surrounded by yes men who convince them their shit is better than it is, thats why i surround myself w people who will just tell me how it is"
343,2021-09-18 02:16:42+00:00,1439050718774710272,"genuinely pisses me off seeing people who start youtube/twitch/making music acting like they‚Äôre OWED a following
i‚Äôm still so happy 174 separate people decided to subscribe to me on yt that‚Äôs a massive achievement for me, idk how you people think you deserve millions overnight"
344,2021-09-18 02:10:03+00:00,1439049046769946631,"ik this is on a lesser scale but what i always do w my streams is watch them back to see what i can improve on
bc i know if people aren‚Äôt watching its not bc they hate me or bc im so oppressed, it‚Äôs because the stream isnt of a high enough quality to maintain an audience *yet*"
345,2021-09-18 02:10:02+00:00,1439049043804663813,i hate this pity farming shit. just make music people wanna listen to dont make them feel bad so they listen https://t.co/fECyaJTjOD
346,2021-09-18 02:00:43+00:00,1439046697485733889,"idk bro i been tryna wrap my head around this for so long now and i just cant, im stumped https://t.co/bJkt1uWbJ2"
347,2021-09-18 01:58:36+00:00,1439046166205841416,"like. it‚Äôs kinda understandable if you just said ‚Äúyeah idm doxing‚Äù, but you where the one always begging us to try doxing this mf when we almost all just wanted to ignore them, now u two are friends that doesn‚Äôt add up üíÄ"
348,2021-09-18 01:58:36+00:00,1439046163127283713,"hm. im just thinking ab how crazy that is
main proponent of doxing someone -&gt; their close friend, so quickly"
349,2021-09-18 01:39:48+00:00,1439041433365893121,go head i‚Äôll just make a new account https://t.co/tYpGqXXKcw
350,2021-09-17 20:34:42+00:00,1438964654349377539,@lSISTAPPEDlN @schwesterlover its not 2011 ur gay
351,2021-09-17 20:34:20+00:00,1438964561420427267,cunnie
352,2021-09-17 20:23:42+00:00,1438961882984034310,@schwesterlover if top left didnt have a squished head she would be peng
353,2021-09-17 20:22:59+00:00,1438961703425822722,@GamingRacism get smarter friends
354,2021-09-17 20:16:50+00:00,1438960155408936970,ifunny is just reddit for schizos
355,2021-09-17 20:11:55+00:00,1438958920790421518,@choerrybreeder idc im making a richard spencer joke
356,2021-09-17 20:10:57+00:00,1438958676098916360,@xxraylesa incredible
357,2021-09-17 20:10:06+00:00,1438958459777605634,national bolshevism cool as hell when u aint got richard spencer in ur ear telling u to do gay poopy butt sex
358,2021-09-17 20:03:48+00:00,1438956875362541570,he‚Äôs a nazbol at a STRETCH
359,2021-09-17 20:03:12+00:00,1438956727374856208,aint no way u put richard spencer as 10 LMFAO https://t.co/LHS5ZgAvCi
360,2021-09-17 20:00:25+00:00,1438956024652779529,@ArghoD @NICKIMINAJ @GagArianaMinaj @TriniReporter shut up
361,2021-09-17 19:57:53+00:00,1438955387148021763,sir cunnington ‚Äúcunnie‚Äù cunniesworth
362,2021-09-17 19:28:44+00:00,1438948051129966592,"the hvh community is so funny but its not intention, they all wanna be cool so bad"
363,2021-09-17 19:25:36+00:00,1438947263603171330,"neverlose is fun to use idc if its ass
some of the scripts u can get are downright hilarious https://t.co/UXEPcr8WQV"
364,2021-09-17 19:15:42+00:00,1438944772761296898,"this dude was so fucking funny lmao
it went on for the entire game
he kept calling me and voki skeetless (thats true) but refused to show proof that he had skeet, then he send lucky (the youtuber) banned uid
people can be so funny in cs sometimes it makes my day https://t.co/9LHA680MKn"
365,2021-09-17 18:27:04+00:00,1438932534033883137,@ilinniarsiman huh
366,2021-09-17 18:01:37+00:00,1438926129490972674,"@kebabuser nice one mate. excellent 
how big is ur guy‚Äôs party rn?"
367,2021-09-17 17:59:41+00:00,1438925640644931588,the sissyfication of black men is REAL https://t.co/VXLPNVwF4g
368,2021-09-17 17:54:59+00:00,1438924457574293514,its funny how u dont know
369,2021-09-17 16:44:44+00:00,1438906779744849924,@Ch1xThe35th im too addicted to leave so arrested it‚Äôll have to be
370,2021-09-17 16:37:46+00:00,1438905026437599232,@Skeloftin @Jackfanaccount9 idek who u are to hate u
371,2021-09-17 16:29:21+00:00,1438902908981030917,@manletincel @Jackfanaccount9 oh lmao i forgot ab that. what a bitch fr
372,2021-09-17 16:27:23+00:00,1438902412140589057,@Jackfanaccount9 wow i hate like half of the people in this image
373,2021-09-17 16:26:18+00:00,1438902141159198729,@bajoransneed ‚Äúezclaps‚Äù this nigga thinks he playing league https://t.co/qyfRUHoV5a
374,2021-09-17 16:25:25+00:00,1438901918802321413,@bajoransneed he uses gaming slang in real life lol
375,2021-09-17 16:23:32+00:00,1438901446171369472,@Rampage_2_2014 incredible bombacci
376,2021-09-17 16:21:37+00:00,1438900962362642432,"@Sethiaze @HoshiSato1 @Danielcucked @BigDickBarclay hello officer how is work today

also a smurf? nigga this is twitter not counter strike"
377,2021-09-17 16:10:13+00:00,1438898091428655113,lmao https://t.co/vtVtDBsNAB
378,2021-09-17 16:08:21+00:00,1438897625294585858,@schwesterlover @Nazbolgamer1 national syndicalism and national bolshevism are the same thing in the eyes of the politically illiterate
379,2021-09-17 16:01:23+00:00,1438895870880190468,@schwesterlover @Nazbolgamer1 i mean technically id be considered a nazbol
380,2021-09-17 15:53:30+00:00,1438893885351157762,like she probably feels like complete shit and already blames herself. loosing a child and knowing u couldve noticed it and stopped it has gotta be rough as fuck just allow her
381,2021-09-17 15:51:28+00:00,1438893376489902088,"eh this is harmless idk why ppl r attacking her
its just her way of grieving at least shes not doing smack or something https://t.co/cyKlajyzcq"
382,2021-09-17 15:35:52+00:00,1438889449442643979,"@niyacel niggers cant even say ""no"" they gotta be extra
tf is ""naur"""
383,2021-09-17 15:09:45+00:00,1438882876687327238,@lSISTAPPEDlN oh so they can talk ab guillotining and revolutions but if i talk ab sticking my dick in heejins tight cunnie i get told to leave the funeral? ok
384,2021-09-17 15:04:10+00:00,1438881470353920000,"was not excepting bro to be so badass ab it lmao ""this individual got exactly what he deserved"""
385,2021-09-17 15:02:09+00:00,1438880962344009733,holy based wtf https://t.co/KyxGNOAuCs
386,2021-09-17 14:49:29+00:00,1438877775016955910,"and u can never just pay for precisely that item
they always make the ¬£10 bundle like 1,000 of whatever currency it may be, but make the thing you want 1,100 so u either have to pay for the ¬£20 or the ¬£10+5 bundle 
its so stupid"
387,2021-09-17 14:49:28+00:00,1438877773167316993,"paid dlcs and season passes are much better than micro-transactions and battle passes 
in 2012, ¬£11 would get u 4 multiplayer maps and a zombies map
now it gets u a weapon skin and a calling card lol"
388,2021-09-17 14:44:19+00:00,1438876476644941824,"if modding was the issue, they could simply make it so only playstation and xbox can play together, its the same fucking game"
389,2021-09-17 14:43:38+00:00,1438876302648414215,"rockstar: ""we are releasing the dlc for gta online for free as to not split the playerbase""

also rockstar: ""we dont want crossplay, also we're making a whole new version of the game with almost no changes for the ps5 and you can't play with ps4 players because fuck you"""
390,2021-09-17 14:39:39+00:00,1438875302327951360,simon hardy butler https://t.co/AgslcCSR4c
391,2021-09-17 14:26:57+00:00,1438872106213777409,"he did, its unironic and he's actually telling people to use it in mm
NIGGA ITS DETECTED https://t.co/x0u9kAzI9B"
392,2021-09-17 14:24:49+00:00,1438871570106273792,this man did not just upload a onetap crack v3 video in 2021
393,2021-09-17 14:10:56+00:00,1438868075928072192,"""ur a fed"" said the fed to the other fed in the groupchat filled with feds"
394,2021-09-17 13:22:00+00:00,1438855759295561729,excellent spawn https://t.co/zn9LPInkoi
395,2021-09-17 13:18:41+00:00,1438854923853119489,@choerrybreeder he's calmer than usual
396,2021-09-17 13:11:28+00:00,1438853109757919233,"@choerrybreeder im level 2, thats not happening"
397,2021-09-17 13:09:39+00:00,1438852650204897280,@choerrybreeder spawned a yao guai right at my base
398,2021-09-17 13:08:21+00:00,1438852323388923904,fallout already pissed me off
399,2021-09-17 12:59:33+00:00,1438850108586700805,@choerrybreeder its free on game pass
400,2021-09-17 12:58:53+00:00,1438849940478959621,time to get to level 100 all over again
401,2021-09-17 12:58:06+00:00,1438849747209670663,THEY GOT RID OF NUCLEAR WINTER LFG https://t.co/aITNUZXrLS
402,2021-09-17 12:57:46+00:00,1438849663612899335,@Ch1xThe35th the deluxo? ive got like 20 of those from when the old dupe glitch existed
403,2021-09-17 12:52:38+00:00,1438848369112272896,"do i play gta or fallout76 until tapped n voki r on, hm"
404,2021-09-17 12:50:29+00:00,1438847828760145924,@SAINTLYHIS CUNNIE
405,2021-09-17 12:45:35+00:00,1438846595592859650,"the cwc would genuinely be really cool in a champions-league style format
like imagine the scenes when al ahli beat barca in the final after surviving the group of death, r16, qf and sf

granted it wouldnt happen but IMAGINE it"
406,2021-09-17 12:42:23+00:00,1438845788935831557,@lSISTAPPEDlN @kebabongo incredible https://t.co/7Qjz6yuA7p
407,2021-09-17 12:41:53+00:00,1438845662599188486,"just laughed at the thought of getting questioned by the feds and them asking wtf ""cunnie"" is"
408,2021-09-17 12:41:08+00:00,1438845476367998979,@kebabongo @lSISTAPPEDlN can u confirm?
409,2021-09-17 12:39:00+00:00,1438844938725232648,cunnie https://t.co/lCLMt3uK9R
410,2021-09-17 12:36:56+00:00,1438844417683693573,@kebabongo theres two zeros idek if this is the one i used to know tbh
411,2021-09-17 12:34:50+00:00,1438843889956306948,"this is true
i was the department sheriff https://t.co/6ey2QapH6T"
412,2021-09-17 12:22:39+00:00,1438840823328788492,fuck the mk2 tho
413,2021-09-17 12:22:22+00:00,1438840751224459267,"this might be controversial but i actually prefer when gta adds stupid, gimmicky cars
i have more fun with them than i do with a normal car bc once ive driven them i just go back to whatevers the fastest
yet i still occasionally use the scramjet, thruster, toreador etc"
414,2021-09-17 12:17:18+00:00,1438839476244164613,"""praying for cunny"" - voki rn probably"
415,2021-09-17 12:06:44+00:00,1438836818716332034,"the bmw i8 was actually really cool when it first released but all the wannabe youtube rappers ruined it
they did the same w the r8 too
im noticing a trend with the number 8"
416,2021-09-17 12:03:19+00:00,1438835958191886337,"ufos arent aliens
they're actually just where all the indians keep their toilets"
417,2021-09-17 11:55:25+00:00,1438833969492004871,"ive said this many times but it bares reiterating
it just WORKS"
418,2021-09-17 11:55:05+00:00,1438833886360920065,litecoin is my favourite crypto
419,2021-09-17 11:53:54+00:00,1438833588825432066,"@HydrexLegit agreed but saying ""im a stone cold pink monster"" doesnt hit the same
gotta think ab the tweets"
420,2021-09-17 11:47:54+00:00,1438832079291228161,@incelrapescunny incredible shit my chigga
421,2021-09-17 11:45:57+00:00,1438831589320970244,"still havent customised half of the cars in the tuners dlc 
may do that today"
422,2021-09-17 11:43:50+00:00,1438831055650295812,"@mirbrandnew kpop and antisemitism, what a wonderful combination"
423,2021-09-17 11:38:05+00:00,1438829609353625607,and because im a stone cold white monster nigger https://t.co/nOeu04EfxJ
424,2021-09-17 11:36:38+00:00,1438829244717617152,"put my white monster in the freezer and made a slushy
u wanna know why i put my white monster in the freezer?
bc its tasty"
425,2021-09-17 10:55:13+00:00,1438818819439538177,was saying its mindblowing cari√±o m√≠o
426,2021-09-17 10:55:02+00:00,1438818775361523717,she didn‚Äôt understand the joke :( https://t.co/W10Geejd7B
427,2021-09-17 10:42:23+00:00,1438815592899915778,"i hate when its my aunties week to get groceries
i always get the 3pm slot on friday and she just gets random times so i have no fucking clue when to make food"
428,2021-09-17 10:15:55+00:00,1438808932491874305,#MeToo https://t.co/UoWMQln0zK
429,2021-09-17 09:55:38+00:00,1438803824324620291,https://t.co/QHsMWjlec9
430,2021-09-17 09:38:04+00:00,1438799403893014528,@RighteousHonky its real https://t.co/qdSyKSwKCP
431,2021-09-17 09:25:44+00:00,1438796299910930435,@mirbrandnew bro i thought this nigga was like 21
432,2021-09-17 09:23:45+00:00,1438795803456323584,theres no way hasan is 30. im being pranked
433,2021-09-17 09:19:36+00:00,1438794759015911424,100% chance the detective behind the pedo was in on it but still
434,2021-09-17 09:19:35+00:00,1438794754490257408,"not only is this one of the most based things to happen ever
that shot was so fucking clean, he manages to lift the gun up while remaining with the phone in his hand
then he one taps the dude to the dome at just the right time so as to not hit anyone else
THEN HANGS UP THE PHONE https://t.co/T90DlV5wjh"
435,2021-09-17 09:09:01+00:00,1438792093305131009,this country is so funny sometimes
436,2021-09-17 09:09:00+00:00,1438792090582925312,"we‚Äôve all learnt the metric system exclusively what is the point in this
could‚Äôve fixed the nhs, done something about child poverty etc
but nah lets change the way we measure groceries https://t.co/MxIRqCWMF9"
437,2021-09-17 09:04:17+00:00,1438790902751825922,im living til 119 just so i can read his will
438,2021-09-17 09:04:16+00:00,1438790899765583874,but i wanna read it :( https://t.co/cbz2ym3AAE
439,2021-09-17 08:57:54+00:00,1438789296824147968,"hate to inform u mate but unfortunately for you, you are anglo, that‚Äôs how ancestry works. welcome to the anglosphere üçª https://t.co/pVg8dd1hsK"
440,2021-09-17 08:37:07+00:00,1438784065734332418,you don‚Äôt understand. ur supposed to put them in a folder and make a slideshow https://t.co/cUi34hFOl6
441,2021-09-17 08:33:28+00:00,1438783149031493633,@kebabuser incredible
442,2021-09-17 08:30:05+00:00,1438782296765706240,china will win inshallah!! https://t.co/G7UXs0ABM7
443,2021-09-17 08:27:50+00:00,1438781730169802753,"twitter 
&gt; have fun making frens
&gt; get bored
&gt; want to leave/take a breaks 
&gt; things quiet down so you start your break
&gt; something really interesting happens and you come back 
&gt; you have fun for a little 
&gt; rinse and repeat"
444,2021-09-17 08:25:37+00:00,1438781171538796546,"my heater blows cold air for like a solid minute when i first turn it on
starting to get on my nerves"
445,2021-09-17 08:21:23+00:00,1438780105577357312,@JiyoonPhnom i look forward to retweeting ur return tweet
446,2021-09-17 08:20:44+00:00,1438779944411279361,in like 80 years ü§£ü§£ü§£ü§£
447,2021-09-17 08:20:44+00:00,1438779941856940032,im gonna die
448,2021-09-17 08:14:07+00:00,1438778277330620416,what mexican pussy does to a nigga https://t.co/sNMP16SnE9
449,2021-09-17 08:01:07+00:00,1438775008663379970,@schwesterlover https://t.co/Qf6qn4e08U
450,2021-09-17 07:49:19+00:00,1438772039196844036,"i lost most of the friends i made on this app
u turned 3 (probably more) people against me
and for what? so u could get serotonin? will never understand and im not gonna sit here and wonder ab how things couldve, shouldve, wouldve happened
fuck u"
451,2021-09-17 07:47:07+00:00,1438771485003423745,"@CogitoErgoCoom there are fucked up ppl here but all u did is tweet ab sex with kpop girls
you've been good"
452,2021-09-17 07:46:41+00:00,1438771373514674178,"are u offering to do his server for him? 
was this the plan all along or something? idgi
not even mad anymore, just genuinely curious as to what u wanted to achieve"
453,2021-09-17 07:46:40+00:00,1438771371723665410,"also u where the one who implied this dude was a pedo.
u acted as if i should be 100% against him
all i ever did was kick him from the server and stop talking to him, bc all he did was *apparently* start being friends w the pedo cabal
and if he truly was as bad as u said, why tf"
454,2021-09-17 07:46:40+00:00,1438771369777451011,"what is the end game here lmao
i get forced off twitter and get a life?
im just so confused, theres actual shit ive done that u could use against me
why lie instead and pretend i sent u death threats n frame me for sending pedo shit to someone?"
455,2021-09-17 07:41:42+00:00,1438770120583749634,@CogitoErgoCoom which posts?
456,2021-09-17 04:51:39+00:00,1438727325349253125,"twitter (cunny)

Read: https://t.co/b4eqJH0VZZ"
457,2021-09-17 02:47:37+00:00,1438696111678574596,"this shit ain‚Äôt worth it i promise you
don‚Äôt ruin your life trying to entertain people that will never care about you on a personal level 
no matter if you do/don‚Äôt believe the shit you say on here, the feds will take it seriously 
get off twitter, run before its too late"
